customer_id,total_orders,total_items,average_order
8,5,33,6.600000
10,9,99,11.000000
2,11,128,11.636364
7,18,159,8.833333
9,6,62,10.333333
4,8,74,9.250000
5,11,110,10.000000
1,7,74,10.571428
6,15,167,11.133333
3,10,94,9.400000
